UserID,Name,Service,Date,Time,Note,Car registration,Status
6712,วรภรณ์ รื่นเริง,Full Car Wash,22 September 2025,08:00-09:00,,กท1000,complete
6723,วรชัย แกร่งกล้า,Full Car Wash,22 September 2025,09:00-10:00,,กท1001,complete
6738,สุดารัตน์ สดใส,Car Paint Wax/Polish,22 September 2025,10:00-12:00,,กท1002,complete
6734,สุพัตรา สวยงาม,Car Paint Wax/Polish,22 September 2025,12:00-14:00,,กท1003,complete
6718,อรวรรณ อ่อนหวาน,Battery Replacement,22 September 2025,14:00-15:00,,กท1004,complete
6724,อรอุมา ใจดี,Exterior Car Wash,22 September 2025,15:00-16:00,,กท1005,process
6716,พิมพ์ใจ อ่อนโยน,Engine Oil Change,22 September 2025,16:00-17:00,,กท1006,booked
6707,ประเสริฐ สุขใจ,Tire Replacement (4 pcs.),22 September 2025,08:00-10:00,,กท1007,complete
6729,ชัยวัฒน์ แข็งแรง,Seat/Carpet Shampoo,22 September 2025,10:00-14:00,,กท1008,complete
6726,สุชาดา น่ารัก,Glass Coating,22 September 2025,08:00-14:00,,กท1009,booked
6723,วรชัย แกร่งกล้า,Car Paint Wax/Polish,22 September 2025,14:00-16:00,,กท1010,process
6727,ทวีศักดิ์ กล้าหาญ,Exterior Dent Repair,22 September 2025,16:00-18:00,,กท1011,booked
6741,ธนวัฒน์ กล้าแกร่ง,Engine Oil Change,22 September 2025,08:00-09:00,,กท1012,process
6724,อรอุมา ใจดี,Glass Coating,22 September 2025,09:00-15:00,,กท1013,booked
6737,กิตติ กล้าหาญ,Headlight Restoration,22 September 2025,15:00-16:00,,กท1014,complete
6732,ปิยรัตน์ สดชื่น,Exterior Car Wash,22 September 2025,16:00-17:00,,กท1015,booked
6740,วรภรณ์ น่ารัก,Exterior Car Wash,22 September 2025,17:00-18:00,,กท1016,process
6711,กิตติพงษ์ กล้าแกร่ง,Full Car Wash,22 September 2025,08:00-09:00,,กท1017,process
6738,สุดารัตน์ สดใส,Car Paint Wax/Polish,22 September 2025,09:00-11:00,,กท1018,process
6708,สุนิสา ใจดี,Wheel Alignment & Balancing,23 September 2025,08:00-10:00,,กท1019,process
6703,อนุชา แก้วใส,Engine Oil Change,23 September 2025,10:00-11:00,,กท1020,booked
6703,อนุชา แก้วใส,Seat/Carpet Shampoo,23 September 2025,11:00-15:00,,กท1021,process
6716,พิมพ์ใจ อ่อนโยน,Exterior Car Wash,23 September 2025,15:00-16:00,,กท1022,process
6729,ชัยวัฒน์ แข็งแรง,Headlight Restoration,23 September 2025,16:00-17:00,,กท1023,booked
6718,อรวรรณ อ่อนหวาน,Wheel Alignment & Balancing,23 September 2025,08:00-10:00,,กท1024,complete
6721,ภานุวัฒน์ กล้าหาญ,Full Car Wash,24 September 2025,08:00-09:00,,กท1025,process
6727,ทวีศักดิ์ กล้าหาญ,Basic Inspection,24 September 2025,09:00-10:00,,กท1026,booked
6716,พิมพ์ใจ อ่อนโยน,Car Paint Wax/Polish,24 September 2025,10:00-12:00,,กท1027,process
6728,จิตรลดา สดใส,Headlight Restoration,24 September 2025,12:00-13:00,,กท1028,process
6727,ทวีศักดิ์ กล้าหาญ,Seat/Carpet Shampoo,24 September 2025,13:00-17:00,,กท1029,process
6708,สุนิสา ใจดี,Interior Vacuum,24 September 2025,17:00-18:00,,กท1030,booked
6739,ประเสริฐ แข็งแรง,Engine Oil Change,24 September 2025,08:00-09:00,,กท1031,complete
6714,สุดารัตน์ สดชื่น,Exterior Dent Repair,24 September 2025,09:00-11:00,,กท1032,booked
6728,จิตรลดา สดใส,Exterior Car Wash,24 September 2025,11:00-12:00,,กท1033,booked
6731,อาทิตย์ กล้าแกร่ง,Seat/Carpet Shampoo,24 September 2025,12:00-16:00,,กท1034,process
6714,สุดารัตน์ สดชื่น,Exterior Car Wash,24 September 2025,16:00-17:00,,กท1035,complete
6717,วิรัตน์ ใจกล้า,Glass Coating,24 September 2025,08:00-14:00,,กท1036,complete
6716,พิมพ์ใจ อ่อนโยน,Interior Vacuum,24 September 2025,14:00-15:00,,กท1037,booked
6708,สุนิสา ใจดี,Seat/Carpet Shampoo,25 September 2025,08:00-12:00,,กท1038,complete
6736,จิราพร อ่อนหวาน,Full Car Wash,25 September 2025,12:00-13:00,,กท1039,complete
6710,จิราภรณ์ สดใส,Exterior Car Wash,25 September 2025,13:00-14:00,,กท1040,complete
6729,ชัยวัฒน์ แข็งแรง,Exterior Dent Repair,25 September 2025,14:00-16:00,,กท1041,booked
6703,อนุชา แก้วใส,Exterior Dent Repair,25 September 2025,16:00-18:00,,กท1042,booked
6707,ประเสริฐ สุขใจ,Engine Oil Change,25 September 2025,08:00-09:00,,กท1043,booked
6711,กิตติพงษ์ กล้าแกร่ง,Headlight Restoration,25 September 2025,09:00-10:00,,กท1044,complete
6716,พิมพ์ใจ อ่อนโยน,Battery Replacement,25 September 2025,10:00-11:00,,กท1045,booked
6736,จิราพร อ่อนหวาน,Headlight Restoration,25 September 2025,11:00-12:00,,กท1046,process
6731,อาทิตย์ กล้าแกร่ง,Engine Oil Change,25 September 2025,12:00-13:00,,กท1047,complete
6714,สุดารัตน์ สดชื่น,Full Car Wash,25 September 2025,13:00-14:00,,กท1048,booked
6710,จิราภรณ์ สดใส,Full Car Wash,25 September 2025,14:00-15:00,,กท1049,booked
6726,สุชาดา น่ารัก,Headlight Restoration,25 September 2025,15:00-16:00,,กท1050,process
6707,ประเสริฐ สุขใจ,Tire Replacement (4 pcs.),25 September 2025,16:00-18:00,,กท1051,process
6732,ปิยรัตน์ สดชื่น,Seat/Carpet Shampoo,25 September 2025,08:00-12:00,,กท1052,booked
6710,จิราภรณ์ สดใส,Car Paint Wax/Polish,25 September 2025,12:00-14:00,,กท1053,complete
6735,อนุชา ใจดี,Engine Oil Change,25 September 2025,14:00-15:00,,กท1054,process
6735,อนุชา ใจดี,Exterior Dent Repair,25 September 2025,15:00-17:00,,กท1055,process
6713,ธนวัฒน์ ปัญญา,Interior Vacuum,26 September 2025,08:00-09:00,,กท1056,booked
6731,อาทิตย์ กล้าแกร่ง,Tire Replacement (4 pcs.),26 September 2025,09:00-11:00,,กท1057,process
6738,สุดารัตน์ สดใส,Headlight Restoration,26 September 2025,11:00-12:00,,กท1058,complete
6711,กิตติพงษ์ กล้าแกร่ง,Interior Vacuum,26 September 2025,12:00-13:00,,กท1059,booked
6723,วรชัย แกร่งกล้า,Glass Coating,26 September 2025,08:00-14:00,,กท1060,process
6739,ประเสริฐ แข็งแรง,Basic Inspection,26 September 2025,14:00-15:00,,กท1061,complete
6714,สุดารัตน์ สดชื่น,Tire Replacement (4 pcs.),26 September 2025,15:00-17:00,,กท1062,complete
6723,วรชัย แกร่งกล้า,Exterior Car Wash,26 September 2025,17:00-18:00,,กท1063,booked
6733,วีรยุทธ กล้าหาญ,Interior Vacuum,26 September 2025,08:00-09:00,,กท1064,booked
6705,วีระชัย กล้าหาญ,Seat/Carpet Shampoo,26 September 2025,09:00-13:00,,กท1065,complete
6739,ประเสริฐ แข็งแรง,Exterior Dent Repair,26 September 2025,13:00-15:00,,กท1066,booked
6713,ธนวัฒน์ ปัญญา,Wheel Alignment & Balancing,26 September 2025,15:00-17:00,,กท1067,process
6732,ปิยรัตน์ สดชื่น,Basic Inspection,26 September 2025,17:00-18:00,,กท1068,booked
6728,จิตรลดา สดใส,Headlight Restoration,26 September 2025,08:00-09:00,,กท1069,complete
6736,จิราพร อ่อนหวาน,Glass Coating,26 September 2025,09:00-15:00,,กท1070,booked
6739,ประเสริฐ แข็งแรง,Glass Coating,26 September 2025,08:00-14:00,,กท1071,complete
6717,วิรัตน์ ใจกล้า,Car Paint Wax/Polish,26 September 2025,14:00-16:00,,กท1072,complete
6722,อัมพร สวยงาม,Exterior Dent Repair,27 September 2025,08:00-10:00,,กท1073,complete
6734,สุพัตรา สวยงาม,Exterior Car Wash,27 September 2025,10:00-11:00,,กท1074,complete
6711,กิตติพงษ์ กล้าแกร่ง,Full Car Wash,27 September 2025,11:00-12:00,,กท1075,booked
6715,ปรีชา กล้าหาญ,Full Car Wash,27 September 2025,12:00-13:00,,กท1076,booked
6724,อรอุมา ใจดี,Wheel Alignment & Balancing,27 September 2025,13:00-15:00,,กท1077,booked
6707,ประเสริฐ สุขใจ,Basic Inspection,27 September 2025,15:00-16:00,,กท1078,booked
6726,สุชาดา น่ารัก,Basic Inspection,27 September 2025,16:00-17:00,,กท1079,complete
6702,สมหญิง สวยงาม,Interior Vacuum,27 September 2025,17:00-18:00,,กท1080,process
6714,สุดารัตน์ สดชื่น,Car Paint Wax/Polish,27 September 2025,08:00-10:00,,กท1081,complete
6723,วรชัย แกร่งกล้า,Exterior Dent Repair,27 September 2025,10:00-12:00,,กท1082,complete
6708,สุนิสา ใจดี,Exterior Dent Repair,27 September 2025,12:00-14:00,,กท1083,process
6707,ประเสริฐ สุขใจ,Basic Inspection,27 September 2025,14:00-15:00,,กท1084,complete
6727,ทวีศักดิ์ กล้าหาญ,Wheel Alignment & Balancing,27 September 2025,15:00-17:00,,กท1085,process
6738,สุดารัตน์ สดใส,Tire Replacement (4 pcs.),27 September 2025,08:00-10:00,,กท1086,process
6731,อาทิตย์ กล้าแกร่ง,Wheel Alignment & Balancing,27 September 2025,10:00-12:00,,กท1087,process
6714,สุดารัตน์ สดชื่น,Battery Replacement,27 September 2025,12:00-13:00,,กท1088,complete
6715,ปรีชา กล้าหาญ,Battery Replacement,27 September 2025,13:00-14:00,,กท1089,booked
6729,ชัยวัฒน์ แข็งแรง,Exterior Car Wash,27 September 2025,14:00-15:00,,กท1090,booked
6725,ปกรณ์ กล้าแกร่ง,Full Car Wash,27 September 2025,15:00-16:00,,กท1091,complete
6712,วรภรณ์ รื่นเริง,Seat/Carpet Shampoo,28 September 2025,08:00-12:00,,กท1092,booked
6730,อมราภรณ์ อ่อนโยน,Exterior Dent Repair,28 September 2025,12:00-14:00,,กท1093,process
6703,อนุชา แก้วใส,Battery Replacement,28 September 2025,14:00-15:00,,กท1094,booked
6731,อาทิตย์ กล้าแกร่ง,Wheel Alignment & Balancing,28 September 2025,15:00-17:00,,กท1095,process
6731,อาทิตย์ กล้าแกร่ง,Tire Replacement (4 pcs.),28 September 2025,08:00-10:00,,กท1096,booked
6733,วีรยุทธ กล้าหาญ,Tire Replacement (4 pcs.),28 September 2025,10:00-12:00,,กท1097,complete
6708,สุนิสา ใจดี,Basic Inspection,28 September 2025,12:00-13:00,,กท1098,booked
6740,วรภรณ์ น่ารัก,Wheel Alignment & Balancing,29 September 2025,08:00-10:00,,กท1099,booked
6735,อนุชา ใจดี,Tire Replacement (4 pcs.),29 September 2025,10:00-12:00,,กท1100,process
6738,สุดารัตน์ สดใส,Tire Replacement (4 pcs.),29 September 2025,12:00-14:00,,กท1101,booked
6728,จิตรลดา สดใส,Seat/Carpet Shampoo,29 September 2025,14:00-18:00,,กท1102,process
6724,อรอุมา ใจดี,Exterior Dent Repair,29 September 2025,08:00-10:00,,กท1103,booked
6722,อัมพร สวยงาม,Full Car Wash,29 September 2025,10:00-11:00,,กท1104,booked
6501,Nannapat,Wheel Alignment & Balancing,29 September 2025,11:00-13:00,,กท1105,complete
6710,จิราภรณ์ สดใส,Interior Vacuum,29 September 2025,13:00-14:00,,กท1106,booked
6708,สุนิสา ใจดี,Exterior Dent Repair,29 September 2025,14:00-16:00,,กท1107,complete
6712,วรภรณ์ รื่นเริง,Interior Vacuum,29 September 2025,16:00-17:00,,กท1108,booked
6724,อรอุมา ใจดี,Car Paint Wax/Polish,29 September 2025,08:00-10:00,,กท1109,booked
6726,สุชาดา น่ารัก,Tire Replacement (4 pcs.),29 September 2025,10:00-12:00,,กท1110,booked
6501,Nannapat,Basic Inspection,29 September 2025,12:00-13:00,,กท1111,booked
6728,จิตรลดา สดใส,Tire Replacement (4 pcs.),29 September 2025,13:00-15:00,,กท1112,booked
6704,ปาริชาติ รักเรียน,Interior Vacuum,29 September 2025,15:00-16:00,,กท1113,process
6730,อมราภรณ์ อ่อนโยน,Battery Replacement,29 September 2025,16:00-17:00,,กท1114,complete
6711,กิตติพงษ์ กล้าแกร่ง,Glass Coating,29 September 2025,08:00-14:00,,กท1115,booked
6729,ชัยวัฒน์ แข็งแรง,Seat/Carpet Shampoo,29 September 2025,14:00-18:00,,กท1116,process
6720,กัญญารัตน์ สดใส,Car Paint Wax/Polish,29 September 2025,08:00-10:00,,กท1117,booked
6705,วีระชัย กล้าหาญ,Interior Vacuum,30 September 2025,08:00-09:00,,กท1118,complete
6733,วีรยุทธ กล้าหาญ,Seat/Carpet Shampoo,30 September 2025,09:00-13:00,,กท1119,complete
6728,จิตรลดา สดใส,Tire Replacement (4 pcs.),30 September 2025,13:00-15:00,,กท1120,process
6707,ประเสริฐ สุขใจ,Basic Inspection,30 September 2025,15:00-16:00,,กท1121,complete
6715,ปรีชา กล้าหาญ,Wheel Alignment & Balancing,30 September 2025,16:00-18:00,,กท1122,booked
6738,สุดารัตน์ สดใส,Seat/Carpet Shampoo,30 September 2025,08:00-12:00,,กท1123,process
6714,สุดารัตน์ สดชื่น,Engine Oil Change,30 September 2025,12:00-13:00,,กท1124,booked
6735,อนุชา ใจดี,Tire Replacement (4 pcs.),30 September 2025,13:00-15:00,,กท1125,complete
6725,ปกรณ์ กล้าแกร่ง,Basic Inspection,30 September 2025,15:00-16:00,,กท1126,process
6734,สุพัตรา สวยงาม,Seat/Carpet Shampoo,01 October 2025,08:00-12:00,,กท1127,booked
6727,ทวีศักดิ์ กล้าหาญ,Seat/Carpet Shampoo,01 October 2025,12:00-16:00,,กท1128,complete
6710,จิราภรณ์ สดใส,Seat/Carpet Shampoo,01 October 2025,08:00-12:00,,กท1129,complete
6728,จิตรลดา สดใส,Basic Inspection,01 October 2025,12:00-13:00,,กท1130,booked
6727,ทวีศักดิ์ กล้าหาญ,Basic Inspection,01 October 2025,13:00-14:00,,กท1131,process
6727,ทวีศักดิ์ กล้าหาญ,Battery Replacement,01 October 2025,14:00-15:00,,กท1132,process
6706,จารุวรรณ น่ารัก,Tire Replacement (4 pcs.),02 October 2025,08:00-10:00,,กท1133,process
6703,อนุชา แก้วใส,Exterior Car Wash,02 October 2025,10:00-11:00,,กท1134,booked
6729,ชัยวัฒน์ แข็งแรง,Full Car Wash,02 October 2025,11:00-12:00,,กท1135,process
6715,ปรีชา กล้าหาญ,Exterior Car Wash,02 October 2025,12:00-13:00,,กท1136,booked
6739,ประเสริฐ แข็งแรง,Engine Oil Change,02 October 2025,13:00-14:00,,กท1137,booked
6727,ทวีศักดิ์ กล้าหาญ,Full Car Wash,02 October 2025,14:00-15:00,,กท1138,booked
6739,ประเสริฐ แข็งแรง,Engine Oil Change,02 October 2025,15:00-16:00,,กท1139,booked
6732,ปิยรัตน์ สดชื่น,Seat/Carpet Shampoo,02 October 2025,08:00-12:00,,กท1140,complete
6736,จิราพร อ่อนหวาน,Seat/Carpet Shampoo,02 October 2025,12:00-16:00,,กท1141,process
6728,จิตรลดา สดใส,Seat/Carpet Shampoo,02 October 2025,08:00-12:00,,กท1142,booked
6721,ภานุวัฒน์ กล้าหาญ,Car Paint Wax/Polish,02 October 2025,12:00-14:00,,กท1143,process
6731,อาทิตย์ กล้าแกร่ง,Exterior Car Wash,02 October 2025,14:00-15:00,,กท1144,process
6723,วรชัย แกร่งกล้า,Headlight Restoration,02 October 2025,15:00-16:00,,กท1145,booked
6704,ปาริชาติ รักเรียน,Battery Replacement,02 October 2025,16:00-17:00,,กท1146,booked
6726,สุชาดา น่ารัก,Engine Oil Change,02 October 2025,17:00-18:00,,กท1147,booked
6501,Nannapat,Basic Inspection,02 October 2025,08:00-09:00,,กท1148,complete
6739,ประเสริฐ แข็งแรง,Car Paint Wax/Polish,02 October 2025,09:00-11:00,,กท1149,complete
6712,วรภรณ์ รื่นเริง,Wheel Alignment & Balancing,02 October 2025,11:00-13:00,,กท1150,process
6720,กัญญารัตน์ สดใส,Exterior Car Wash,03 October 2025,08:00-09:00,,กท1151,process
6727,ทวีศักดิ์ กล้าหาญ,Interior Vacuum,03 October 2025,09:00-10:00,,กท1152,process
6722,อัมพร สวยงาม,Exterior Car Wash,03 October 2025,10:00-11:00,,กท1153,process
6708,สุนิสา ใจดี,Car Paint Wax/Polish,03 October 2025,11:00-13:00,,กท1154,booked
6704,ปาริชาติ รักเรียน,Glass Coating,03 October 2025,08:00-14:00,,กท1155,process
6715,ปรีชา กล้าหาญ,Engine Oil Change,03 October 2025,14:00-15:00,,กท1156,process
6711,กิตติพงษ์ กล้าแกร่ง,Tire Replacement (4 pcs.),03 October 2025,15:00-17:00,,กท1157,booked
6728,จิตรลดา สดใส,Glass Coating,03 October 2025,08:00-14:00,,กท1158,complete
6739,ประเสริฐ แข็งแรง,Battery Replacement,03 October 2025,14:00-15:00,,กท1159,booked
6718,อรวรรณ อ่อนหวาน,Tire Replacement (4 pcs.),03 October 2025,15:00-17:00,,กท1160,process
6718,อรวรรณ อ่อนหวาน,Seat/Carpet Shampoo,03 October 2025,08:00-12:00,,กท1161,complete
6706,จารุวรรณ น่ารัก,Glass Coating,03 October 2025,12:00-18:00,,กท1162,process
6703,อนุชา แก้วใส,Basic Inspection,03 October 2025,08:00-09:00,,กท1163,booked
6711,กิตติพงษ์ กล้าแกร่ง,Tire Replacement (4 pcs.),03 October 2025,09:00-11:00,,กท1164,booked
6731,อาทิตย์ กล้าแกร่ง,Tire Replacement (4 pcs.),03 October 2025,11:00-13:00,,กท1165,complete
6737,กิตติ กล้าหาญ,Basic Inspection,03 October 2025,13:00-14:00,,กท1166,booked
6710,จิราภรณ์ สดใส,Engine Oil Change,03 October 2025,14:00-15:00,,กท1167,booked
6733,วีรยุทธ กล้าหาญ,Interior Vacuum,03 October 2025,15:00-16:00,,กท1168,process
6704,ปาริชาติ รักเรียน,Engine Oil Change,04 October 2025,08:00-09:00,,กท1169,complete
6719,ณรงค์ฤทธิ์ แข็งแรง,Tire Replacement (4 pcs.),04 October 2025,09:00-11:00,,กท1170,process
6737,กิตติ กล้าหาญ,Exterior Dent Repair,04 October 2025,11:00-13:00,,กท1171,booked
6740,วรภรณ์ น่ารัก,Headlight Restoration,04 October 2025,13:00-14:00,,กท1172,complete
6501,Nannapat,Engine Oil Change,04 October 2025,14:00-15:00,,กท1173,process
6739,ประเสริฐ แข็งแรง,Glass Coating,04 October 2025,08:00-14:00,,กท1174,process
6702,สมหญิง สวยงาม,Seat/Carpet Shampoo,04 October 2025,14:00-18:00,,กท1175,complete
6728,จิตรลดา สดใส,Glass Coating,04 October 2025,08:00-14:00,,กท1176,process
6739,ประเสริฐ แข็งแรง,Engine Oil Change,04 October 2025,14:00-15:00,,กท1177,booked
6713,ธนวัฒน์ ปัญญา,Battery Replacement,05 October 2025,08:00-09:00,,กท1178,booked
6709,ชาญชัย แข็งแรง,Seat/Carpet Shampoo,05 October 2025,09:00-13:00,,กท1179,booked
6727,ทวีศักดิ์ กล้าหาญ,Basic Inspection,05 October 2025,13:00-14:00,,กท1180,complete
6704,ปาริชาติ รักเรียน,Seat/Carpet Shampoo,05 October 2025,14:00-18:00,,กท1181,complete
6739,ประเสริฐ แข็งแรง,Basic Inspection,05 October 2025,08:00-09:00,,กท1182,complete
6726,สุชาดา น่ารัก,Tire Replacement (4 pcs.),05 October 2025,09:00-11:00,,กท1183,complete
6713,ธนวัฒน์ ปัญญา,Full Car Wash,05 October 2025,11:00-12:00,,กท1184,complete
6702,สมหญิง สวยงาม,Tire Replacement (4 pcs.),05 October 2025,12:00-14:00,,กท1185,process
6708,สุนิสา ใจดี,Battery Replacement,05 October 2025,14:00-15:00,,กท1186,process
6710,จิราภรณ์ สดใส,Headlight Restoration,05 October 2025,15:00-16:00,,กท1187,complete
6716,พิมพ์ใจ อ่อนโยน,Full Car Wash,05 October 2025,16:00-17:00,,กท1188,booked
6717,วิรัตน์ ใจกล้า,Battery Replacement,05 October 2025,17:00-18:00,,กท1189,complete
6731,อาทิตย์ กล้าแกร่ง,Tire Replacement (4 pcs.),05 October 2025,08:00-10:00,,กท1190,process
6720,กัญญารัตน์ สดใส,Car Paint Wax/Polish,05 October 2025,10:00-12:00,,กท1191,booked
6702,สมหญิง สวยงาม,Exterior Dent Repair,05 October 2025,12:00-14:00,,กท1192,booked
6736,จิราพร อ่อนหวาน,Car Paint Wax/Polish,06 October 2025,08:00-10:00,,กท1193,booked
6732,ปิยรัตน์ สดชื่น,Wheel Alignment & Balancing,06 October 2025,10:00-12:00,,กท1194,booked
6730,อมราภรณ์ อ่อนโยน,Car Paint Wax/Polish,06 October 2025,12:00-14:00,,กท1195,process
6706,จารุวรรณ น่ารัก,Engine Oil Change,06 October 2025,14:00-15:00,,กท1196,booked
6719,ณรงค์ฤทธิ์ แข็งแรง,Tire Replacement (4 pcs.),06 October 2025,15:00-17:00,,กท1197,booked
6709,ชาญชัย แข็งแรง,Full Car Wash,06 October 2025,17:00-18:00,,กท1198,booked
6721,ภานุวัฒน์ กล้าหาญ,Tire Replacement (4 pcs.),06 October 2025,08:00-10:00,,กท1199,complete
6717,วิรัตน์ ใจกล้า,Seat/Carpet Shampoo,06 October 2025,10:00-14:00,,กท1200,booked
6731,อาทิตย์ กล้าแกร่ง,Interior Vacuum,06 October 2025,14:00-15:00,,กท1201,booked
6728,จิตรลดา สดใส,Exterior Car Wash,06 October 2025,15:00-16:00,,กท1202,process
6725,ปกรณ์ กล้าแกร่ง,Wheel Alignment & Balancing,06 October 2025,16:00-18:00,,กท1203,process
6727,ทวีศักดิ์ กล้าหาญ,Exterior Dent Repair,06 October 2025,08:00-10:00,,กท1204,booked
6740,วรภรณ์ น่ารัก,Car Paint Wax/Polish,06 October 2025,10:00-12:00,,กท1205,complete
6711,กิตติพงษ์ กล้าแกร่ง,Seat/Carpet Shampoo,06 October 2025,12:00-16:00,,กท1206,process
6708,สุนิสา ใจดี,Full Car Wash,06 October 2025,16:00-17:00,,กท1207,process
6733,วีรยุทธ กล้าหาญ,Glass Coating,06 October 2025,08:00-14:00,,กท1208,complete
6733,วีรยุทธ กล้าหาญ,Exterior Dent Repair,06 October 2025,14:00-16:00,,กท1209,complete
6711,กิตติพงษ์ กล้าแกร่ง,Car Paint Wax/Polish,07 October 2025,08:00-10:00,,กท1210,booked
6710,จิราภรณ์ สดใส,Headlight Restoration,07 October 2025,10:00-11:00,,กท1211,complete
6718,อรวรรณ อ่อนหวาน,Battery Replacement,07 October 2025,11:00-12:00,,กท1212,process
6713,ธนวัฒน์ ปัญญา,Seat/Carpet Shampoo,07 October 2025,12:00-16:00,,กท1213,booked
6702,สมหญิง สวยงาม,Car Paint Wax/Polish,07 October 2025,16:00-18:00,,กท1214,process
6730,อมราภรณ์ อ่อนโยน,Glass Coating,07 October 2025,08:00-14:00,,กท1215,booked
6710,จิราภรณ์ สดใส,Basic Inspection,07 October 2025,14:00-15:00,,กท1216,booked
6711,กิตติพงษ์ กล้าแกร่ง,Basic Inspection,07 October 2025,15:00-16:00,,กท1217,process
6723,วรชัย แกร่งกล้า,Glass Coating,07 October 2025,08:00-14:00,,กท1218,booked
6722,อัมพร สวยงาม,Tire Replacement (4 pcs.),08 October 2025,08:00-10:00,,กท1219,booked
6738,สุดารัตน์ สดใส,Seat/Carpet Shampoo,08 October 2025,10:00-14:00,,กท1220,complete
6708,สุนิสา ใจดี,Full Car Wash,08 October 2025,14:00-15:00,,กท1221,complete
6705,วีระชัย กล้าหาญ,Full Car Wash,08 October 2025,15:00-16:00,,กท1222,process
6725,ปกรณ์ กล้าแกร่ง,Car Paint Wax/Polish,08 October 2025,16:00-18:00,,กท1223,complete
6741,ธนวัฒน์ กล้าแกร่ง,Battery Replacement,08 October 2025,08:00-09:00,,กท1224,process
6703,อนุชา แก้วใส,Car Paint Wax/Polish,09 October 2025,08:00-10:00,,กท1225,process
6720,กัญญารัตน์ สดใส,Exterior Car Wash,09 October 2025,10:00-11:00,,กท1226,process
6722,อัมพร สวยงาม,Interior Vacuum,09 October 2025,11:00-12:00,,กท1227,process
6738,สุดารัตน์ สดใส,Basic Inspection,09 October 2025,12:00-13:00,,กท1228,booked
6722,อัมพร สวยงาม,Wheel Alignment & Balancing,09 October 2025,13:00-15:00,,กท1229,booked
6712,วรภรณ์ รื่นเริง,Seat/Carpet Shampoo,09 October 2025,08:00-12:00,,กท1230,booked
6716,พิมพ์ใจ อ่อนโยน,Wheel Alignment & Balancing,09 October 2025,12:00-14:00,,กท1231,booked
6718,อรวรรณ อ่อนหวาน,Seat/Carpet Shampoo,09 October 2025,14:00-18:00,,กท1232,complete
6736,จิราพร อ่อนหวาน,Exterior Car Wash,09 October 2025,08:00-09:00,,กท1233,complete
6736,จิราพร อ่อนหวาน,Engine Oil Change,09 October 2025,09:00-10:00,,กท1234,booked
6714,สุดารัตน์ สดชื่น,Full Car Wash,09 October 2025,10:00-11:00,,กท1235,booked
6722,อัมพร สวยงาม,Exterior Dent Repair,09 October 2025,11:00-13:00,,กท1236,complete
6711,กิตติพงษ์ กล้าแกร่ง,Seat/Carpet Shampoo,09 October 2025,13:00-17:00,,กท1237,booked
6719,ณรงค์ฤทธิ์ แข็งแรง,Interior Vacuum,09 October 2025,17:00-18:00,,กท1238,booked
6732,ปิยรัตน์ สดชื่น,Exterior Dent Repair,09 October 2025,08:00-10:00,,กท1239,complete
6729,ชัยวัฒน์ แข็งแรง,Wheel Alignment & Balancing,09 October 2025,10:00-12:00,,กท1240,complete
6732,ปิยรัตน์ สดชื่น,Full Car Wash,09 October 2025,12:00-13:00,,กท1241,complete
6703,อนุชา แก้วใส,Car Paint Wax/Polish,09 October 2025,13:00-15:00,,กท1242,process
6705,วีระชัย กล้าหาญ,Headlight Restoration,09 October 2025,15:00-16:00,,กท1243,process
6737,กิตติ กล้าหาญ,Exterior Car Wash,09 October 2025,16:00-17:00,,กท1244,process
6709,ชาญชัย แข็งแรง,Tire Replacement (4 pcs.),10 October 2025,08:00-10:00,,กท1245,complete
6710,จิราภรณ์ สดใส,Seat/Carpet Shampoo,10 October 2025,10:00-14:00,,กท1246,process
6715,ปรีชา กล้าหาญ,Wheel Alignment & Balancing,10 October 2025,14:00-16:00,,กท1247,booked
6709,ชาญชัย แข็งแรง,Exterior Car Wash,10 October 2025,16:00-17:00,,กท1248,process
6729,ชัยวัฒน์ แข็งแรง,Interior Vacuum,10 October 2025,17:00-18:00,,กท1249,booked
6714,สุดารัตน์ สดชื่น,Exterior Car Wash,10 October 2025,08:00-09:00,,กท1250,process
6721,ภานุวัฒน์ กล้าหาญ,Wheel Alignment & Balancing,10 October 2025,09:00-11:00,,กท1251,process
6735,อนุชา ใจดี,Basic Inspection,10 October 2025,11:00-12:00,,กท1252,complete
6722,อัมพร สวยงาม,Seat/Carpet Shampoo,10 October 2025,12:00-16:00,,กท1253,complete
6734,สุพัตรา สวยงาม,Engine Oil Change,10 October 2025,16:00-17:00,,กท1254,booked
6726,สุชาดา น่ารัก,Interior Vacuum,10 October 2025,17:00-18:00,,กท1255,booked
6729,ชัยวัฒน์ แข็งแรง,Glass Coating,10 October 2025,08:00-14:00,,กท1256,booked
6702,สมหญิง สวยงาม,Exterior Dent Repair,10 October 2025,14:00-16:00,,กท1257,booked
6712,วรภรณ์ รื่นเริง,Car Paint Wax/Polish,10 October 2025,16:00-18:00,,กท1258,process
6718,อรวรรณ อ่อนหวาน,Exterior Dent Repair,10 October 2025,08:00-10:00,,กท1259,process
6714,สุดารัตน์ สดชื่น,Engine Oil Change,10 October 2025,10:00-11:00,,กท1260,booked
6708,สุนิสา ใจดี,Basic Inspection,11 October 2025,08:00-09:00,,กท1261,process
6703,อนุชา แก้วใส,Tire Replacement (4 pcs.),11 October 2025,09:00-11:00,,กท1262,booked
6715,ปรีชา กล้าหาญ,Glass Coating,11 October 2025,11:00-17:00,,กท1263,complete
6723,วรชัย แกร่งกล้า,Exterior Car Wash,11 October 2025,17:00-18:00,,กท1264,process
6724,อรอุมา ใจดี,Basic Inspection,11 October 2025,08:00-09:00,,กท1265,booked
6732,ปิยรัตน์ สดชื่น,Full Car Wash,11 October 2025,09:00-10:00,,กท1266,complete
6718,อรวรรณ อ่อนหวาน,Glass Coating,11 October 2025,10:00-16:00,,กท1267,complete
6702,สมหญิง สวยงาม,Full Car Wash,11 October 2025,16:00-17:00,,กท1268,booked
6741,ธนวัฒน์ กล้าแกร่ง,Glass Coating,11 October 2025,08:00-14:00,,กท1269,process
6706,จารุวรรณ น่ารัก,Interior Vacuum,11 October 2025,14:00-15:00,,กท1270,process
6722,อัมพร สวยงาม,Full Car Wash,11 October 2025,15:00-16:00,,กท1271,complete
6703,อนุชา แก้วใส,Headlight Restoration,11 October 2025,16:00-17:00,,กท1272,complete
6706,จารุวรรณ น่ารัก,Battery Replacement,11 October 2025,17:00-18:00,,กท1273,complete
6720,กัญญารัตน์ สดใส,Exterior Car Wash,11 October 2025,08:00-09:00,,กท1274,process
6703,อนุชา แก้วใส,Wheel Alignment & Balancing,11 October 2025,09:00-11:00,,กท1275,process
6723,วรชัย แกร่งกล้า,Tire Replacement (4 pcs.),11 October 2025,11:00-13:00,,กท1276,complete
6737,กิตติ กล้าหาญ,Seat/Carpet Shampoo,11 October 2025,13:00-17:00,,กท1277,booked
6704,ปาริชาติ รักเรียน,Engine Oil Change,11 October 2025,17:00-18:00,,กท1278,booked
6724,อรอุมา ใจดี,Wheel Alignment & Balancing,12 October 2025,08:00-10:00,,กท1279,process
6705,วีระชัย กล้าหาญ,Seat/Carpet Shampoo,12 October 2025,10:00-14:00,,กท1280,complete
6719,ณรงค์ฤทธิ์ แข็งแรง,Car Paint Wax/Polish,12 October 2025,14:00-16:00,,กท1281,booked
6732,ปิยรัตน์ สดชื่น,Seat/Carpet Shampoo,12 October 2025,08:00-12:00,,กท1282,complete
6718,อรวรรณ อ่อนหวาน,Seat/Carpet Shampoo,12 October 2025,12:00-16:00,,กท1283,process
6703,อนุชา แก้วใส,Full Car Wash,12 October 2025,16:00-17:00,,กท1284,booked
6740,วรภรณ์ น่ารัก,Wheel Alignment & Balancing,12 October 2025,08:00-10:00,,กท1285,booked
6702,สมหญิง สวยงาม,Full Car Wash,12 October 2025,10:00-11:00,,กท1286,complete
6716,พิมพ์ใจ อ่อนโยน,Battery Replacement,12 October 2025,11:00-12:00,,กท1287,complete
6705,วีระชัย กล้าหาญ,Exterior Dent Repair,12 October 2025,12:00-14:00,,กท1288,booked
6737,กิตติ กล้าหาญ,Headlight Restoration,12 October 2025,14:00-15:00,,กท1289,process
6707,ประเสริฐ สุขใจ,Interior Vacuum,12 October 2025,15:00-16:00,,กท1290,process
6731,อาทิตย์ กล้าแกร่ง,Battery Replacement,12 October 2025,16:00-17:00,,กท1291,booked
6739,ประเสริฐ แข็งแรง,Car Paint Wax/Polish,12 October 2025,08:00-10:00,,กท1292,booked
6501,Nannapat,Exterior Car Wash,12 October 2025,10:00-11:00,,กท1293,process
6708,สุนิสา ใจดี,Exterior Dent Repair,13 October 2025,08:00-10:00,,กท1294,complete
6709,ชาญชัย แข็งแรง,Glass Coating,13 October 2025,10:00-16:00,,กท1295,complete
6501,Nannapat,Basic Inspection,13 October 2025,16:00-17:00,,กท1296,complete
6711,กิตติพงษ์ กล้าแกร่ง,Car Paint Wax/Polish,13 October 2025,08:00-10:00,,กท1297,complete
6729,ชัยวัฒน์ แข็งแรง,Car Paint Wax/Polish,13 October 2025,10:00-12:00,,กท1298,process
6737,กิตติ กล้าหาญ,Tire Replacement (4 pcs.),13 October 2025,12:00-14:00,,กท1299,process
6713,ธนวัฒน์ ปัญญา,Basic Inspection,13 October 2025,14:00-15:00,,กท1300,process
6741,ธนวัฒน์ กล้าแกร่ง,Glass Coating,14 October 2025,08:00-14:00,,กท1301,process
6715,ปรีชา กล้าหาญ,Car Paint Wax/Polish,14 October 2025,14:00-16:00,,กท1302,booked
6739,ประเสริฐ แข็งแรง,Seat/Carpet Shampoo,14 October 2025,08:00-12:00,,กท1303,booked
6704,ปาริชาติ รักเรียน,Glass Coating,14 October 2025,12:00-18:00,,กท1304,complete
6713,ธนวัฒน์ ปัญญา,Exterior Car Wash,14 October 2025,08:00-09:00,,กท1305,process
6723,วรชัย แกร่งกล้า,Tire Replacement (4 pcs.),14 October 2025,09:00-11:00,,กท1306,complete
6736,จิราพร อ่อนหวาน,Car Paint Wax/Polish,14 October 2025,11:00-13:00,,กท1307,complete
6720,กัญญารัตน์ สดใส,Car Paint Wax/Polish,14 October 2025,13:00-15:00,,กท1308,complete
6707,ประเสริฐ สุขใจ,Wheel Alignment & Balancing,15 October 2025,08:00-10:00,,กท1309,booked
6714,สุดารัตน์ สดชื่น,Engine Oil Change,15 October 2025,10:00-11:00,,กท1310,process
6721,ภานุวัฒน์ กล้าหาญ,Headlight Restoration,15 October 2025,11:00-12:00,,กท1311,process
6724,อรอุมา ใจดี,Exterior Car Wash,15 October 2025,12:00-13:00,,กท1312,complete
6740,วรภรณ์ น่ารัก,Basic Inspection,15 October 2025,13:00-14:00,,กท1313,complete
6738,สุดารัตน์ สดใส,Battery Replacement,15 October 2025,14:00-15:00,,กท1314,process
6704,ปาริชาติ รักเรียน,Full Car Wash,15 October 2025,15:00-16:00,,กท1315,complete
6716,พิมพ์ใจ อ่อนโยน,Basic Inspection,15 October 2025,16:00-17:00,,กท1316,process
6729,ชัยวัฒน์ แข็งแรง,Battery Replacement,15 October 2025,17:00-18:00,,กท1317,process
6738,สุดารัตน์ สดใส,Glass Coating,15 October 2025,08:00-14:00,,กท1318,complete
6726,สุชาดา น่ารัก,Car Paint Wax/Polish,15 October 2025,14:00-16:00,,กท1319,complete
6728,จิตรลดา สดใส,Wheel Alignment & Balancing,16 October 2025,08:00-10:00,,กท1320,complete
6720,กัญญารัตน์ สดใส,Glass Coating,16 October 2025,10:00-16:00,,กท1321,process
6718,อรวรรณ อ่อนหวาน,Exterior Dent Repair,16 October 2025,16:00-18:00,,กท1322,process
6733,วีรยุทธ กล้าหาญ,Full Car Wash,16 October 2025,08:00-09:00,,กท1323,booked
6720,กัญญารัตน์ สดใส,Wheel Alignment & Balancing,16 October 2025,09:00-11:00,,กท1324,booked
6709,ชาญชัย แข็งแรง,Battery Replacement,16 October 2025,11:00-12:00,,กท1325,complete
6722,อัมพร สวยงาม,Interior Vacuum,16 October 2025,12:00-13:00,,กท1326,booked
6711,กิตติพงษ์ กล้าแกร่ง,Seat/Carpet Shampoo,16 October 2025,13:00-17:00,,กท1327,complete
6719,ณรงค์ฤทธิ์ แข็งแรง,Car Paint Wax/Polish,16 October 2025,08:00-10:00,,กท1328,process
6712,วรภรณ์ รื่นเริง,Tire Replacement (4 pcs.),16 October 2025,10:00-12:00,,กท1329,process
6712,วรภรณ์ รื่นเริง,Full Car Wash,16 October 2025,12:00-13:00,,กท1330,process
6730,อมราภรณ์ อ่อนโยน,Full Car Wash,16 October 2025,13:00-14:00,,กท1331,booked
6717,วิรัตน์ ใจกล้า,Interior Vacuum,16 October 2025,14:00-15:00,,กท1332,booked
6739,ประเสริฐ แข็งแรง,Glass Coating,17 October 2025,08:00-14:00,,กท1333,process
6712,วรภรณ์ รื่นเริง,Exterior Dent Repair,17 October 2025,14:00-16:00,,กท1334,process
6707,ประเสริฐ สุขใจ,Battery Replacement,17 October 2025,16:00-17:00,,กท1335,process
6732,ปิยรัตน์ สดชื่น,Exterior Car Wash,17 October 2025,17:00-18:00,,กท1336,process
6728,จิตรลดา สดใส,Wheel Alignment & Balancing,17 October 2025,08:00-10:00,,กท1337,complete
6708,สุนิสา ใจดี,Seat/Carpet Shampoo,17 October 2025,10:00-14:00,,กท1338,process
6734,สุพัตรา สวยงาม,Full Car Wash,17 October 2025,14:00-15:00,,กท1339,complete
6731,อาทิตย์ กล้าแกร่ง,Tire Replacement (4 pcs.),17 October 2025,15:00-17:00,,กท1340,complete
6741,ธนวัฒน์ กล้าแกร่ง,Wheel Alignment & Balancing,17 October 2025,08:00-10:00,,กท1341,process
6709,ชาญชัย แข็งแรง,Wheel Alignment & Balancing,17 October 2025,10:00-12:00,,กท1342,complete
6705,วีระชัย กล้าหาญ,Wheel Alignment & Balancing,17 October 2025,12:00-14:00,,กท1343,booked
6715,ปรีชา กล้าหาญ,Tire Replacement (4 pcs.),17 October 2025,14:00-16:00,,กท1344,complete
6706,จารุวรรณ น่ารัก,Tire Replacement (4 pcs.),17 October 2025,16:00-18:00,,กท1345,complete
6724,อรอุมา ใจดี,Exterior Dent Repair,17 October 2025,08:00-10:00,,กท1346,process
6738,สุดารัตน์ สดใส,Basic Inspection,17 October 2025,10:00-11:00,,กท1347,booked
6723,วรชัย แกร่งกล้า,Exterior Car Wash,17 October 2025,11:00-12:00,,กท1348,complete
6713,ธนวัฒน์ ปัญญา,Full Car Wash,18 October 2025,08:00-09:00,,กท1349,booked
6708,สุนิสา ใจดี,Engine Oil Change,18 October 2025,09:00-10:00,,กท1350,process
6727,ทวีศักดิ์ กล้าหาญ,Full Car Wash,18 October 2025,10:00-11:00,,กท1351,process
6708,สุนิสา ใจดี,Wheel Alignment & Balancing,18 October 2025,11:00-13:00,,กท1352,process
6737,กิตติ กล้าหาญ,Battery Replacement,18 October 2025,13:00-14:00,,กท1353,booked
6717,วิรัตน์ ใจกล้า,Wheel Alignment & Balancing,18 October 2025,14:00-16:00,,กท1354,complete
6714,สุดารัตน์ สดชื่น,Glass Coating,18 October 2025,08:00-14:00,,กท1355,process
6739,ประเสริฐ แข็งแรง,Car Paint Wax/Polish,18 October 2025,14:00-16:00,,กท1356,complete
6708,สุนิสา ใจดี,Battery Replacement,18 October 2025,16:00-17:00,,กท1357,process
6736,จิราพร อ่อนหวาน,Interior Vacuum,18 October 2025,17:00-18:00,,กท1358,process
6731,อาทิตย์ กล้าแกร่ง,Glass Coating,18 October 2025,08:00-14:00,,กท1359,booked
6718,อรวรรณ อ่อนหวาน,Engine Oil Change,18 October 2025,14:00-15:00,,กท1360,process
6727,ทวีศักดิ์ กล้าหาญ,Basic Inspection,19 October 2025,08:00-09:00,,กท1361,booked
6731,อาทิตย์ กล้าแกร่ง,Glass Coating,19 October 2025,09:00-15:00,,กท1362,booked
6718,อรวรรณ อ่อนหวาน,Exterior Dent Repair,19 October 2025,15:00-17:00,,กท1363,complete
6704,ปาริชาติ รักเรียน,Car Paint Wax/Polish,19 October 2025,08:00-10:00,,กท1364,complete
6717,วิรัตน์ ใจกล้า,Basic Inspection,19 October 2025,10:00-11:00,,กท1365,process
6735,อนุชา ใจดี,Basic Inspection,19 October 2025,11:00-12:00,,กท1366,complete
6714,สุดารัตน์ สดชื่น,Headlight Restoration,19 October 2025,12:00-13:00,,กท1367,complete
6720,กัญญารัตน์ สดใส,Glass Coating,19 October 2025,08:00-14:00,,กท1368,booked
6723,วรชัย แกร่งกล้า,Tire Replacement (4 pcs.),19 October 2025,14:00-16:00,,กท1369,process
6727,ทวีศักดิ์ กล้าหาญ,Glass Coating,19 October 2025,08:00-14:00,,กท1370,process
6705,วีระชัย กล้าหาญ,Basic Inspection,19 October 2025,14:00-15:00,,กท1371,process
6713,ธนวัฒน์ ปัญญา,Exterior Car Wash,19 October 2025,15:00-16:00,,กท1372,process
6740,วรภรณ์ น่ารัก,Battery Replacement,19 October 2025,16:00-17:00,,กท1373,booked
6719,ณรงค์ฤทธิ์ แข็งแรง,Exterior Dent Repair,19 October 2025,08:00-10:00,,กท1374,complete
6720,กัญญารัตน์ สดใส,Headlight Restoration,20 October 2025,08:00-09:00,,กท1375,booked
6721,ภานุวัฒน์ กล้าหาญ,Car Paint Wax/Polish,20 October 2025,09:00-11:00,,กท1376,complete
6740,วรภรณ์ น่ารัก,Interior Vacuum,20 October 2025,11:00-12:00,,กท1377,complete
6717,วิรัตน์ ใจกล้า,Exterior Car Wash,20 October 2025,12:00-13:00,,กท1378,process
6704,ปาริชาติ รักเรียน,Glass Coating,20 October 2025,08:00-14:00,,กท1379,booked
6716,พิมพ์ใจ อ่อนโยน,Battery Replacement,20 October 2025,14:00-15:00,,กท1380,booked
6726,สุชาดา น่ารัก,Battery Replacement,20 October 2025,15:00-16:00,,กท1381,booked
6706,จารุวรรณ น่ารัก,Wheel Alignment & Balancing,20 October 2025,16:00-18:00,,กท1382,process
6719,ณรงค์ฤทธิ์ แข็งแรง,Interior Vacuum,20 October 2025,08:00-09:00,,กท1383,complete
6704,ปาริชาติ รักเรียน,Battery Replacement,20 October 2025,09:00-10:00,,กท1384,booked
6715,ปรีชา กล้าหาญ,Tire Replacement (4 pcs.),20 October 2025,10:00-12:00,,กท1385,process
6727,ทวีศักดิ์ กล้าหาญ,Basic Inspection,20 October 2025,12:00-13:00,,กท1386,booked
6723,วรชัย แกร่งกล้า,Engine Oil Change,20 October 2025,13:00-14:00,,กท1387,booked
6712,วรภรณ์ รื่นเริง,Tire Replacement (4 pcs.),20 October 2025,14:00-16:00,,กท1388,process
6731,อาทิตย์ กล้าแกร่ง,Headlight Restoration,21 October 2025,08:00-09:00,,กท1389,process
6723,วรชัย แกร่งกล้า,Battery Replacement,21 October 2025,09:00-10:00,,กท1390,complete
6501,Nannapat,Battery Replacement,21 October 2025,10:00-11:00,,กท1391,process
6708,สุนิสา ใจดี,Car Paint Wax/Polish,21 October 2025,11:00-13:00,,กท1392,booked
6705,วีระชัย กล้าหาญ,Full Car Wash,21 October 2025,13:00-14:00,,กท1393,booked
6703,อนุชา แก้วใส,Glass Coating,21 October 2025,08:00-14:00,,กท1394,booked
6711,กิตติพงษ์ กล้าแกร่ง,Exterior Car Wash,21 October 2025,14:00-15:00,,กท1395,process
6704,ปาริชาติ รักเรียน,Exterior Dent Repair,21 October 2025,15:00-17:00,,กท1396,process
6708,สุนิสา ใจดี,Headlight Restoration,21 October 2025,17:00-18:00,,กท1397,complete
6715,ปรีชา กล้าหาญ,Car Paint Wax/Polish,21 October 2025,08:00-10:00,,กท1398,complete
6717,วิรัตน์ ใจกล้า,Wheel Alignment & Balancing,21 October 2025,10:00-12:00,,กท1399,booked
6709,ชาญชัย แข็งแรง,Full Car Wash,21 October 2025,12:00-13:00,,กท1400,process
6738,สุดารัตน์ สดใส,Full Car Wash,21 October 2025,13:00-14:00,,กท1401,booked
6729,ชัยวัฒน์ แข็งแรง,Seat/Carpet Shampoo,21 October 2025,14:00-18:00,,กท1402,booked
6711,กิตติพงษ์ กล้าแกร่ง,Battery Replacement,21 October 2025,08:00-09:00,,กท1403,complete
6728,จิตรลดา สดใส,Engine Oil Change,21 October 2025,09:00-10:00,,กท1404,process
6738,สุดารัตน์ สดใส,Seat/Carpet Shampoo,21 October 2025,10:00-14:00,,กท1405,complete
6714,สุดารัตน์ สดชื่น,Tire Replacement (4 pcs.),21 October 2025,14:00-16:00,,กท1406,booked
6702,สมหญิง สวยงาม,Interior Vacuum,21 October 2025,16:00-17:00,,กท1407,process
6712,วรภรณ์ รื่นเริง,Exterior Car Wash,22 October 2025,08:00-09:00,,กท1408,booked
6727,ทวีศักดิ์ กล้าหาญ,Glass Coating,22 October 2025,09:00-15:00,,กท1409,process
6709,ชาญชัย แข็งแรง,Headlight Restoration,22 October 2025,15:00-16:00,,กท1410,complete
6501,Nannapat,Tire Replacement (4 pcs.),22 October 2025,16:00-18:00,,กท1411,process
6708,สุนิสา ใจดี,Exterior Dent Repair,22 October 2025,08:00-10:00,,กท1412,complete
6712,วรภรณ์ รื่นเริง,Engine Oil Change,22 October 2025,10:00-11:00,,กท1413,booked
6702,สมหญิง สวยงาม,Tire Replacement (4 pcs.),22 October 2025,11:00-13:00,,กท1414,booked
6725,ปกรณ์ กล้าแกร่ง,Battery Replacement,22 October 2025,13:00-14:00,,กท1415,process
6716,พิมพ์ใจ อ่อนโยน,Glass Coating,22 October 2025,08:00-14:00,,กท1416,booked
6703,อนุชา แก้วใส,Glass Coating,22 October 2025,08:00-14:00,,กท1417,complete
6732,ปิยรัตน์ สดชื่น,Headlight Restoration,22 October 2025,14:00-15:00,,กท1418,process
6716,พิมพ์ใจ อ่อนโยน,Car Paint Wax/Polish,22 October 2025,15:00-17:00,,กท1419,process
6712,วรภรณ์ รื่นเริง,Exterior Dent Repair,22 October 2025,08:00-10:00,,กท1420,complete
6740,วรภรณ์ น่ารัก,Tire Replacement (4 pcs.),22 October 2025,10:00-12:00,,กท1421,booked
6716,พิมพ์ใจ อ่อนโยน,Engine Oil Change,22 October 2025,12:00-13:00,,กท1422,process
6731,อาทิตย์ กล้าแกร่ง,Battery Replacement,23 October 2025,08:00-09:00,,กท1423,complete
6724,อรอุมา ใจดี,Headlight Restoration,23 October 2025,09:00-10:00,,กท1424,process
6704,ปาริชาติ รักเรียน,Exterior Dent Repair,23 October 2025,10:00-12:00,,กท1425,process
6731,อาทิตย์ กล้าแกร่ง,Full Car Wash,23 October 2025,12:00-13:00,,กท1426,booked
6736,จิราพร อ่อนหวาน,Basic Inspection,23 October 2025,13:00-14:00,,กท1427,complete
6706,จารุวรรณ น่ารัก,Exterior Car Wash,23 October 2025,14:00-15:00,,กท1428,complete
6710,จิราภรณ์ สดใส,Headlight Restoration,23 October 2025,15:00-16:00,,กท1429,booked
6704,ปาริชาติ รักเรียน,Engine Oil Change,24 October 2025,08:00-09:00,,กท1430,booked
6734,สุพัตรา สวยงาม,Battery Replacement,24 October 2025,09:00-10:00,,กท1431,complete
6727,ทวีศักดิ์ กล้าหาญ,Seat/Carpet Shampoo,24 October 2025,10:00-14:00,,กท1432,complete
6721,ภานุวัฒน์ กล้าหาญ,Interior Vacuum,24 October 2025,14:00-15:00,,กท1433,process
6713,ธนวัฒน์ ปัญญา,Headlight Restoration,24 October 2025,15:00-16:00,,กท1434,process
6725,ปกรณ์ กล้าแกร่ง,Exterior Dent Repair,24 October 2025,16:00-18:00,,กท1435,process
6728,จิตรลดา สดใส,Basic Inspection,24 October 2025,08:00-09:00,,กท1436,complete
6732,ปิยรัตน์ สดชื่น,Interior Vacuum,24 October 2025,09:00-10:00,,กท1437,booked
6717,วิรัตน์ ใจกล้า,Tire Replacement (4 pcs.),24 October 2025,10:00-12:00,,กท1438,booked
6731,อาทิตย์ กล้าแกร่ง,Headlight Restoration,24 October 2025,12:00-13:00,,กท1439,complete
6721,ภานุวัฒน์ กล้าหาญ,Full Car Wash,24 October 2025,13:00-14:00,,กท1440,process
6709,ชาญชัย แข็งแรง,Headlight Restoration,24 October 2025,14:00-15:00,,กท1441,process
6705,วีระชัย กล้าหาญ,Exterior Car Wash,24 October 2025,15:00-16:00,,กท1442,booked
6721,ภานุวัฒน์ กล้าหาญ,Seat/Carpet Shampoo,24 October 2025,08:00-12:00,,กท1443,booked
6729,ชัยวัฒน์ แข็งแรง,Basic Inspection,24 October 2025,12:00-13:00,,กท1444,process
6736,จิราพร อ่อนหวาน,Interior Vacuum,24 October 2025,13:00-14:00,,กท1445,booked
6708,สุนิสา ใจดี,Interior Vacuum,25 October 2025,08:00-09:00,,กท1446,process
6709,ชาญชัย แข็งแรง,Car Paint Wax/Polish,25 October 2025,09:00-11:00,,กท1447,process
6738,สุดารัตน์ สดใส,Exterior Dent Repair,25 October 2025,11:00-13:00,,กท1448,booked
6718,อรวรรณ อ่อนหวาน,Exterior Car Wash,25 October 2025,13:00-14:00,,กท1449,complete
6730,อมราภรณ์ อ่อนโยน,Wheel Alignment & Balancing,25 October 2025,14:00-16:00,,กท1450,process
6723,วรชัย แกร่งกล้า,Headlight Restoration,25 October 2025,16:00-17:00,,กท1451,booked
6729,ชัยวัฒน์ แข็งแรง,Seat/Carpet Shampoo,25 October 2025,08:00-12:00,,กท1452,booked
6722,อัมพร สวยงาม,Glass Coating,25 October 2025,12:00-18:00,,กท1453,booked
6724,อรอุมา ใจดี,Basic Inspection,25 October 2025,08:00-09:00,,กท1454,process
6703,อนุชา แก้วใส,Battery Replacement,25 October 2025,09:00-10:00,,กท1455,booked
6722,อัมพร สวยงาม,Tire Replacement (4 pcs.),25 October 2025,10:00-12:00,,กท1456,booked
6730,อมราภรณ์ อ่อนโยน,Battery Replacement,25 October 2025,12:00-13:00,,กท1457,complete
6710,จิราภรณ์ สดใส,Headlight Restoration,25 October 2025,13:00-14:00,,กท1458,complete
6721,ภานุวัฒน์ กล้าหาญ,Battery Replacement,25 October 2025,14:00-15:00,,กท1459,complete
6723,วรชัย แกร่งกล้า,Headlight Restoration,25 October 2025,15:00-16:00,,กท1460,process
6737,กิตติ กล้าหาญ,Wheel Alignment & Balancing,25 October 2025,16:00-18:00,,กท1461,complete
6721,ภานุวัฒน์ กล้าหาญ,Exterior Dent Repair,25 October 2025,08:00-10:00,,กท1462,complete
6708,สุนิสา ใจดี,Seat/Carpet Shampoo,25 October 2025,10:00-14:00,,กท1463,process
6706,จารุวรรณ น่ารัก,Wheel Alignment & Balancing,26 October 2025,08:00-10:00,,กท1464,booked
6739,ประเสริฐ แข็งแรง,Exterior Dent Repair,26 October 2025,10:00-12:00,,กท1465,complete
6726,สุชาดา น่ารัก,Engine Oil Change,26 October 2025,12:00-13:00,,กท1466,complete
6718,อรวรรณ อ่อนหวาน,Interior Vacuum,26 October 2025,13:00-14:00,,กท1467,booked
6717,วิรัตน์ ใจกล้า,Seat/Carpet Shampoo,26 October 2025,14:00-18:00,,กท1468,process
6729,ชัยวัฒน์ แข็งแรง,Seat/Carpet Shampoo,26 October 2025,08:00-12:00,,กท1469,complete
6716,พิมพ์ใจ อ่อนโยน,Exterior Car Wash,27 October 2025,08:00-09:00,,กท1470,booked
6715,ปรีชา กล้าหาญ,Exterior Dent Repair,27 October 2025,09:00-11:00,,กท1471,process
6709,ชาญชัย แข็งแรง,Wheel Alignment & Balancing,27 October 2025,11:00-13:00,,กท1472,complete
6732,ปิยรัตน์ สดชื่น,Exterior Car Wash,27 October 2025,13:00-14:00,,กท1473,booked
6501,Nannapat,Tire Replacement (4 pcs.),27 October 2025,14:00-16:00,,กท1474,booked
6733,วีรยุทธ กล้าหาญ,Basic Inspection,27 October 2025,16:00-17:00,,กท1475,booked
6722,อัมพร สวยงาม,Car Paint Wax/Polish,27 October 2025,08:00-10:00,,กท1476,process
6704,ปาริชาติ รักเรียน,Exterior Dent Repair,27 October 2025,10:00-12:00,,กท1477,booked
6716,พิมพ์ใจ อ่อนโยน,Full Car Wash,27 October 2025,12:00-13:00,,กท1478,process
6709,ชาญชัย แข็งแรง,Exterior Car Wash,27 October 2025,13:00-14:00,,กท1479,complete
6723,วรชัย แกร่งกล้า,Exterior Car Wash,27 October 2025,14:00-15:00,,กท1480,process
6721,ภานุวัฒน์ กล้าหาญ,Battery Replacement,27 October 2025,15:00-16:00,,กท1481,process
6734,สุพัตรา สวยงาม,Headlight Restoration,27 October 2025,16:00-17:00,,กท1482,booked
6738,สุดารัตน์ สดใส,Battery Replacement,27 October 2025,17:00-18:00,,กท1483,process
6709,ชาญชัย แข็งแรง,Glass Coating,27 October 2025,08:00-14:00,,กท1484,complete
6706,จารุวรรณ น่ารัก,Basic Inspection,27 October 2025,14:00-15:00,,กท1485,complete
6705,วีระชัย กล้าหาญ,Exterior Car Wash,27 October 2025,15:00-16:00,,กท1486,complete
6741,ธนวัฒน์ กล้าแกร่ง,Basic Inspection,27 October 2025,16:00-17:00,,กท1487,complete
6721,ภานุวัฒน์ กล้าหาญ,Exterior Car Wash,28 October 2025,08:00-09:00,,กท1488,complete
6501,Nannapat,Car Paint Wax/Polish,28 October 2025,09:00-11:00,,กท1489,process
6725,ปกรณ์ กล้าแกร่ง,Full Car Wash,28 October 2025,11:00-12:00,,กท1490,process
6718,อรวรรณ อ่อนหวาน,Battery Replacement,28 October 2025,12:00-13:00,,กท1491,booked
6724,อรอุมา ใจดี,Battery Replacement,28 October 2025,13:00-14:00,,กท1492,complete
6706,จารุวรรณ น่ารัก,Full Car Wash,28 October 2025,14:00-15:00,,กท1493,complete
6725,ปกรณ์ กล้าแกร่ง,Exterior Car Wash,29 October 2025,08:00-09:00,,กท1494,complete
6706,จารุวรรณ น่ารัก,Exterior Dent Repair,29 October 2025,09:00-11:00,,กท1495,complete
6717,วิรัตน์ ใจกล้า,Seat/Carpet Shampoo,29 October 2025,11:00-15:00,,กท1496,complete
6715,ปรีชา กล้าหาญ,Tire Replacement (4 pcs.),29 October 2025,15:00-17:00,,กท1497,booked
6731,อาทิตย์ กล้าแกร่ง,Headlight Restoration,29 October 2025,17:00-18:00,,กท1498,booked
6732,ปิยรัตน์ สดชื่น,Full Car Wash,29 October 2025,08:00-09:00,,กท1499,process
6730,อมราภรณ์ อ่อนโยน,Wheel Alignment & Balancing,29 October 2025,09:00-11:00,,กท1500,booked
6716,พิมพ์ใจ อ่อนโยน,Full Car Wash,29 October 2025,11:00-12:00,,กท1501,complete
6739,ประเสริฐ แข็งแรง,Wheel Alignment & Balancing,29 October 2025,12:00-14:00,,กท1502,booked
6707,ประเสริฐ สุขใจ,Tire Replacement (4 pcs.),29 October 2025,14:00-16:00,,กท1503,process
6713,ธนวัฒน์ ปัญญา,Headlight Restoration,29 October 2025,16:00-17:00,,กท1504,process
6711,กิตติพงษ์ กล้าแกร่ง,Battery Replacement,29 October 2025,17:00-18:00,,กท1505,process
6738,สุดารัตน์ สดใส,Seat/Carpet Shampoo,29 October 2025,08:00-12:00,,กท1506,process
6741,ธนวัฒน์ กล้าแกร่ง,Glass Coating,29 October 2025,12:00-18:00,,กท1507,complete
6736,จิราพร อ่อนหวาน,Interior Vacuum,29 October 2025,08:00-09:00,,กท1508,process
6712,วรภรณ์ รื่นเริง,Wheel Alignment & Balancing,29 October 2025,09:00-11:00,,กท1509,process
6740,วรภรณ์ น่ารัก,Basic Inspection,29 October 2025,11:00-12:00,,กท1510,process
6703,อนุชา แก้วใส,Basic Inspection,29 October 2025,12:00-13:00,,กท1511,booked
6737,กิตติ กล้าหาญ,Wheel Alignment & Balancing,29 October 2025,13:00-15:00,,กท1512,complete
6710,จิราภรณ์ สดใส,Exterior Car Wash,30 October 2025,08:00-09:00,,กท1513,process
6727,ทวีศักดิ์ กล้าหาญ,Battery Replacement,30 October 2025,09:00-10:00,,กท1514,complete
6720,กัญญารัตน์ สดใส,Seat/Carpet Shampoo,30 October 2025,10:00-14:00,,กท1515,booked
6702,สมหญิง สวยงาม,Tire Replacement (4 pcs.),30 October 2025,14:00-16:00,,กท1516,complete
6741,ธนวัฒน์ กล้าแกร่ง,Seat/Carpet Shampoo,30 October 2025,08:00-12:00,,กท1517,booked
6734,สุพัตรา สวยงาม,Exterior Car Wash,30 October 2025,12:00-13:00,,กท1518,complete
6722,อัมพร สวยงาม,Full Car Wash,30 October 2025,13:00-14:00,,กท1519,booked
6707,ประเสริฐ สุขใจ,Full Car Wash,30 October 2025,14:00-15:00,,กท1520,booked
6738,สุดารัตน์ สดใส,Seat/Carpet Shampoo,30 October 2025,08:00-12:00,,กท1521,complete
6722,อัมพร สวยงาม,Exterior Car Wash,30 October 2025,12:00-13:00,,กท1522,complete
6717,วิรัตน์ ใจกล้า,Seat/Carpet Shampoo,30 October 2025,13:00-17:00,,กท1523,complete
6719,ณรงค์ฤทธิ์ แข็งแรง,Basic Inspection,30 October 2025,17:00-18:00,,กท1524,process
6710,จิราภรณ์ สดใส,Battery Replacement,30 October 2025,08:00-09:00,,กท1525,process
6724,อรอุมา ใจดี,Glass Coating,30 October 2025,09:00-15:00,,กท1526,complete
6740,วรภรณ์ น่ารัก,Exterior Car Wash,30 October 2025,15:00-16:00,,กท1527,complete
6734,สุพัตรา สวยงาม,Engine Oil Change,30 October 2025,16:00-17:00,,กท1528,booked
6713,ธนวัฒน์ ปัญญา,Glass Coating,31 October 2025,08:00-14:00,,กท1529,complete
6734,สุพัตรา สวยงาม,Basic Inspection,31 October 2025,14:00-15:00,,กท1530,process
6727,ทวีศักดิ์ กล้าหาญ,Car Paint Wax/Polish,31 October 2025,15:00-17:00,,กท1531,booked
6724,อรอุมา ใจดี,Tire Replacement (4 pcs.),31 October 2025,08:00-10:00,,กท1532,complete
6740,วรภรณ์ น่ารัก,Glass Coating,31 October 2025,10:00-16:00,,กท1533,booked
6735,อนุชา ใจดี,Headlight Restoration,31 October 2025,16:00-17:00,,กท1534,process
6707,ประเสริฐ สุขใจ,Car Paint Wax/Polish,31 October 2025,08:00-10:00,,กท1535,booked
6715,ปรีชา กล้าหาญ,Engine Oil Change,31 October 2025,10:00-11:00,,กท1536,booked
6730,อมราภรณ์ อ่อนโยน,Car Paint Wax/Polish,31 October 2025,11:00-13:00,,กท1537,process
6720,กัญญารัตน์ สดใส,Seat/Carpet Shampoo,31 October 2025,13:00-17:00,,กท1538,booked
6732,ปิยรัตน์ สดชื่น,Basic Inspection,31 October 2025,17:00-18:00,,กท1539,process
6725,ปกรณ์ กล้าแกร่ง,Full Car Wash,31 October 2025,08:00-09:00,,กท1540,complete
6728,จิตรลดา สดใส,Tire Replacement (4 pcs.),31 October 2025,09:00-11:00,,กท1541,process
6724,อรอุมา ใจดี,Basic Inspection,31 October 2025,11:00-12:00,,กท1542,complete
6704,ปาริชาติ รักเรียน,Wheel Alignment & Balancing,31 October 2025,12:00-14:00,,กท1543,complete
6740,วรภรณ์ น่ารัก,Full Car Wash,31 October 2025,14:00-15:00,,กท1544,booked
6708,สุนิสา ใจดี,Basic Inspection,31 October 2025,15:00-16:00,,กท1545,booked
6740,วรภรณ์ น่ารัก,Seat/Carpet Shampoo,31 October 2025,08:00-12:00,,กท1546,process
6706,จารุวรรณ น่ารัก,Wheel Alignment & Balancing,31 October 2025,12:00-14:00,,กท1547,complete
0001,Admin,Glass Coating,1 November 2025,09:00-15:00,,กจ0000,process
0001,Admin,Seat/Carpet Shampoo - 4 hrs,1 November 2025,09:00-13:00,,df0000,process
0001,Admin,Seat/Carpet Shampoo - 4 hrs,1 November 2025,09:00-13:00,,df0000,complete
0001,Admin,Glass Coating - 6 hrs,1 November 2025,09:00-15:00,,df00,process
0001,Admin,Exterior Car Wash - 1 hr,1 November 2025,09:00-10:00,,df0000,process
0001,Admin,Exterior Car Wash - 1 hr,1 November 2025,13:00-14:00,,kf0000,process
0001,Admin,Car Paint Wax/Polish - 2 hrs,2 November 2025,09:00-11:00,-,กน000,process
0001,Admin,Glass Coating - 6 hrs,1 November 2025,14:00-20:00,-,กจกาญ00,process
0001,Admin,Exterior Car Wash - 1 hr,25 September 2025,09:00-10:00,ไม่มี,กจ0000,booked
0001,Admin,Full Car Wash - 1 hr,24 September 2025,10:00-11:00,-,กจ0000,booked
0001,Admin,Exterior Car Wash - 1 hr,27 September 2025,17:00-18:00,-,oo0000,booked
0001,Admin,Exterior Car Wash - 1 hr,27 September 2025,09:00-10:00,0,1000,booked
0001,Admin,Seat/Carpet Shampoo - 4 hrs,2 November 2025,09:00-13:00,,0990ก,booked
0001,Admin,Glass Coating - 6 hrs,2 November 2025,14:00-20:00,,ก0912,booked
0001,Admin,Exterior Car Wash - 1 hr,24 October 2025,11:00-12:00,-,12,booked
6501,Nannapat,Seat/Carpet Shampoo - 4 hrs,23 October 2025,11:00-15:00,,12กจ,booked
